datetime,name
2023-10-20 11:59:12,Scott Pilgrim
2023-10-20 11:57:37,Scott Pilgrim
2023-10-20 11:51:47,Mandinka
2023-10-20 11:47:58,Boys In the Better Land
2023-10-20 11:42:58,Houseplants
2023-10-20 11:38:40,Ventura Highway
2023-10-20 11:35:07,I Know What Boys Like
2023-10-20 11:31:52,"Come On, Come Over"
2023-10-20 11:26:18,Whole Wide World
2023-10-20 11:18:10,Tuff Ghost
2023-10-20 11:15:13,"Yoshimi Battles the Pink Robots, Pt. 2"
2023-10-20 11:10:21,Danger! High Voltage - Soulchild Radio Mix
2023-10-20 11:06:46,Strawberry Letter 23
2023-10-20 11:02:46,Goin' Out West - 2023 Remaster
2023-10-20 10:59:26,Easter Sunday
2023-10-20 10:57:22,Pack Yr Romantic Mind
2023-10-20 10:52:15,Halah
2023-10-20 10:48:59,Out of Time Man
2023-10-20 10:46:01,Spongebob
2023-10-20 10:42:07,Hot Topic
2023-10-20 10:38:22,People Who Died
2023-10-20 10:33:22,Never Say Never
2023-10-20 10:27:28,Bloodstains - Original Version
2023-10-20 10:25:34,I'm So Tired
2023-10-20 10:23:35,Street Trash
2023-10-20 10:21:40,Break in the Action
2023-10-20 10:19:09,Fast As You Can
2023-10-20 10:08:05,Wannabe in L.A
2023-10-20 10:05:59,THOT'S PRAYER - OG MIX
2023-10-20 09:45:08,WHAT KINDA RAPPIN' IS THIS? - OFFLINE
2023-10-20 09:41:41,HAZARD DUTY PAY!
2023-10-20 09:38:03,Where Ya Get Ya Coke From?
2023-10-20 09:35:05,HOE (Heaven on Earth)
2023-10-20 09:31:31,God Loves You
2023-10-20 09:29:03,Kingdom Hearts Key (ft. redveil)
2023-10-20 09:25:37,Orange Juice Jones
2023-10-20 09:23:15,Shut Yo Bitch Ass Up / Muddy Waters
2023-10-20 09:20:21,Burfict!
2023-10-20 09:18:00,Fentanyl Tester
2023-10-20 09:14:17,Garbage Pale Kids
2023-10-20 09:11:29,SCARING THE HOES
